Hour,TotalInfer,HourlyInfer,Throughput(sec),AvgLatency(ms),P50Latency(ms),P99Latency(ms),PM_MB,GCNum,Timestamp
1,5909,5909,1.641199,606.274,593.949,1125.536,576.90,30,2026-06-30 11:02:59
2,11986,6077,1.688074,590.189,584.935,671.656,577.01,59,2026-06-30 12:02:59
3,18076,6090,1.691865,588.851,581.188,641.349,577.05,89,2026-06-30 13:02:58
4,24160,6084,1.689936,589.399,584.614,663.462,577.43,119,2026-06-30 14:02:58
5,30242,6082,1.689432,589.698,594.022,626.930,577.43,149,2026-06-30 15:02:58
6,36308,6066,1.684843,591.631,594.238,657.206,577.77,179,2026-06-30 16:02:59
7,42381,6073,1.687007,590.584,594.243,627.345,577.77,209,2026-06-30 17:02:59
8,48442,6061,1.683758,591.616,594.241,657.204,578.19,239,2026-06-30 18:02:58
9,54508,6066,1.684964,591.320,594.199,641.581,578.19,269,2026-06-30 19:02:58
10,60569,6061,1.683443,591.765,594.221,656.508,578.73,299,2026-06-30 20:02:59
11,66624,6055,1.682109,592.096,594.187,656.991,578.35,328,2026-06-30 21:02:58
12,72604,5980,1.661038,599.498,594.384,953.372,578.64,358,2026-06-30 22:02:59
13,78654,6050,1.680701,592.610,594.355,641.466,578.52,388,2026-06-30 23:02:58
14,84689,6035,1.676271,594.337,594.423,687.644,578.52,418,2026-07-01 00:02:59
15,90724,6035,1.676518,594.136,594.404,687.925,578.95,448,2026-07-01 01:02:58
16,96756,6032,1.675488,594.306,594.420,673.029,578.70,478,2026-07-01 02:02:58
17,102773,6017,1.671451,595.706,594.471,688.191,578.70,508,2026-07-01 03:02:58
18,108795,6022,1.672800,595.515,594.478,688.159,578.70,538,2026-07-01 04:02:58
19,114820,6025,1.673621,595.078,594.472,685.520,579.77,568,2026-07-01 05:02:58
20,120852,6032,1.675499,594.308,594.439,672.817,578.96,598,2026-07-01 06:02:58
21,126885,6033,1.675831,594.458,594.463,657.307,578.96,627,2026-07-01 07:02:58
22,132923,6038,1.677280,593.935,594.422,642.369,578.96,657,2026-07-01 08:02:58
23,138902,5979,1.660615,599.120,594.558,781.819,578.96,687,2026-07-01 09:02:59
24,144912,6010,1.669692,596.741,594.537,688.522,579.84,717,2026-07-01 10:02:58
25,150923,6011,1.669496,596.700,594.526,703.943,579.30,747,2026-07-01 11:02:59
26,156963,6040,1.677980,593.670,594.496,641.027,579.30,777,2026-07-01 12:02:58
27,162993,6030,1.674792,594.927,594.461,673.131,579.30,807,2026-07-01 13:02:59
28,169023,6030,1.675255,594.534,594.500,657.663,579.30,837,2026-07-01 14:02:58
29,175039,6016,1.670907,595.853,594.510,687.818,579.30,867,2026-07-01 15:02:59
30,181072,6033,1.676061,594.562,594.486,656.673,580.55,897,2026-07-01 16:02:58
31,187097,6025,1.673355,594.808,594.473,641.718,579.74,927,2026-07-01 17:02:59
32,193113,6016,1.671155,595.799,594.478,673.546,579.74,956,2026-07-01 18:02:59
33,199133,6020,1.672364,594.892,594.433,657.200,579.74,986,2026-07-01 19:02:58
34,205131,5998,1.666171,597.224,594.502,703.642,579.74,1016,2026-07-01 20:02:58
35,211131,6000,1.666607,596.329,594.508,672.666,579.74,1046,2026-07-01 21:02:58
36,217115,5984,1.662065,598.808,594.523,704.430,579.74,1076,2026-07-01 22:02:59
37,223145,6030,1.675103,594.632,594.477,641.862,581.84,1106,2026-07-01 23:02:59
38,229170,6025,1.673683,595.118,594.481,672.410,580.21,1136,2026-07-02 00:02:58
39,235196,6026,1.673732,595.128,594.506,672.288,580.21,1166,2026-07-02 01:02:59
40,241227,6031,1.675500,594.424,594.499,656.622,580.21,1196,2026-07-02 02:02:58
41,247241,6014,1.670500,596.109,594.510,702.883,580.21,1226,2026-07-02 03:02:58
42,253271,6030,1.674974,594.840,594.489,656.878,580.21,1255,2026-07-02 04:02:58
43,259303,6032,1.675492,594.444,594.507,641.320,580.21,1285,2026-07-02 05:02:59
44,265335,6032,1.675623,594.553,594.495,663.594,580.21,1315,2026-07-02 06:02:58
45,271357,6022,1.672772,595.473,594.508,685.012,580.21,1345,2026-07-02 07:02:58
46,277383,6026,1.673860,595.098,594.505,673.183,582.27,1375,2026-07-02 08:02:59
47,283413,6030,1.675049,594.806,594.503,657.080,580.83,1405,2026-07-02 09:02:58
48,289436,6023,1.673117,595.199,594.483,672.760,580.83,1435,2026-07-02 10:02:58
49,295428,5992,1.664245,598.400,594.543,704.837,580.83,1465,2026-07-02 11:02:59
50,301436,6008,1.669029,596.685,594.501,719.767,580.83,1495,2026-07-02 12:02:58
51,307449,6013,1.670309,596.179,594.531,687.995,580.83,1525,2026-07-02 13:02:58
52,313458,6009,1.669073,596.602,594.515,687.925,580.83,1555,2026-07-02 14:02:59
53,319471,6013,1.670423,595.997,594.530,672.714,580.83,1585,2026-07-02 15:02:58
54,325468,5997,1.665535,597.854,594.520,750.723,580.83,1614,2026-07-02 16:02:59
55,331477,6009,1.669254,596.426,594.502,703.739,580.83,1644,2026-07-02 17:02:59
56,337492,6015,1.670866,596.109,594.495,688.420,580.83,1674,2026-07-02 18:02:59
57,343530,6038,1.677459,594.026,594.440,641.603,580.83,1704,2026-07-02 19:02:58
58,349555,6025,1.673439,595.199,594.489,672.707,583.46,1734,2026-07-02 20:02:59
59,355553,5998,1.666230,597.040,594.530,703.827,581.56,1764,2026-07-02 21:02:58
60,361565,6012,1.670057,596.162,594.491,678.661,581.56,1794,2026-07-02 22:02:58
61,367587,6022,1.672516,595.465,594.507,657.323,581.63,1824,2026-07-02 23:02:59
62,373575,5988,1.663566,598.602,594.584,718.740,581.63,1854,2026-07-03 00:02:58
63,379530,5955,1.654053,602.017,594.567,891.769,581.63,1884,2026-07-03 01:02:59
64,385449,5919,1.644296,604.854,594.790,781.514,581.63,1914,2026-07-03 02:02:58
65,391483,6034,1.675963,594.189,594.491,632.537,581.63,1943,2026-07-03 03:02:59
66,397501,6018,1.671759,595.448,594.500,669.650,581.63,1973,2026-07-03 04:02:58
67,403525,6024,1.673432,594.982,594.505,656.356,581.63,2003,2026-07-03 05:02:58
68,409559,6034,1.675966,594.280,594.481,642.184,581.63,2033,2026-07-03 06:02:59
69,415564,6005,1.668127,596.917,594.511,692.587,581.63,2063,2026-07-03 07:02:58
70,421599,6035,1.676413,594.418,594.494,641.239,581.63,2093,2026-07-03 08:02:58
71,427627,6028,1.674432,594.761,594.483,642.008,581.63,2123,2026-07-03 09:02:58
72,433652,6025,1.673563,594.971,594.490,657.843,585.76,2153,2026-07-03 10:02:58
