Timestamp,Elapsed_Seconds,RSS_MB
2026-06-27 21:19:39.621,0.000,963.42969
2026-06-27 21:19:40.210,0.589,963.42969
2026-06-27 21:19:41.793,2.173,963.42969
2026-06-27 21:19:43.388,3.767,963.42969
2026-06-27 21:19:44.967,5.346,963.42969
2026-06-27 21:19:46.545,6.925,963.42969
2026-06-27 21:19:48.140,8.519,963.42969
2026-06-27 21:19:49.719,10.098,963.42969
2026-06-27 21:19:51.315,11.694,963.42969
2026-06-27 21:19:52.894,13.273,963.42969
2026-06-27 21:19:54.489,14.868,963.42969
2026-06-27 21:19:56.068,16.448,963.42969
2026-06-27 21:19:57.663,18.043,963.42969
2026-06-27 21:19:59.258,19.638,963.42969
2026-06-27 21:20:00.853,21.232,963.42969
2026-06-27 21:20:02.432,22.811,963.42969
2026-06-27 21:20:04.011,24.391,963.42969
2026-06-27 21:20:05.606,25.985,963.42969
2026-06-27 21:20:07.201,27.580,963.42969
2026-06-27 21:20:08.795,29.174,963.42969
2026-06-27 21:20:10.374,30.753,963.42969
2026-06-27 21:20:11.953,32.333,963.42969
2026-06-27 21:20:13.548,33.928,963.42969
2026-06-27 21:20:15.143,35.522,963.42969
2026-06-27 21:20:16.722,37.101,963.42969
2026-06-27 21:20:18.316,38.696,963.42969
2026-06-27 21:20:19.880,40.260,963.42969
2026-06-27 21:20:21.474,41.853,963.42969
2026-06-27 21:20:23.069,43.448,963.42969
2026-06-27 21:20:24.647,45.027,963.42969
2026-06-27 21:20:26.227,46.606,963.42969
2026-06-27 21:20:27.806,48.186,963.42969
2026-06-27 21:20:29.401,49.780,963.42969
2026-06-27 21:20:30.980,51.359,963.42969
2026-06-27 21:20:32.559,52.938,963.42969
2026-06-27 21:20:34.153,54.532,963.33203
2026-06-27 21:20:35.748,56.127,963.33203
2026-06-27 21:20:37.343,57.723,963.33203
2026-06-27 21:20:38.938,59.318,963.33203
2026-06-27 21:20:40.518,60.898,963.33203
2026-06-27 21:20:42.098,62.477,963.33203
2026-06-27 21:20:43.693,64.072,963.33203
2026-06-27 21:20:45.288,65.667,963.33203
2026-06-27 21:20:46.867,67.246,963.33203
2026-06-27 21:20:48.446,68.825,963.33203
2026-06-27 21:20:50.025,70.405,963.33203
2026-06-27 21:20:51.620,72.000,963.33203
2026-06-27 21:20:53.215,73.594,963.33203
2026-06-27 21:20:54.794,75.174,963.33203
2026-06-27 21:20:56.374,76.754,963.33203
2026-06-27 21:20:57.953,78.333,963.33203
2026-06-27 21:20:59.548,79.927,963.33203
2026-06-27 21:21:01.143,81.522,963.33203
2026-06-27 21:21:02.722,83.101,963.33203
2026-06-27 21:21:04.301,84.680,963.33203
2026-06-27 21:21:05.880,86.259,963.33203
2026-06-27 21:21:07.490,87.869,963.33203
2026-06-27 21:21:09.068,89.448,963.33203
2026-06-27 21:21:10.663,91.043,963.33203
2026-06-27 21:21:12.243,92.622,963.33203
2026-06-27 21:21:13.821,94.201,963.33203
2026-06-27 21:21:15.416,95.795,963.33203
2026-06-27 21:21:16.995,97.375,963.33203
2026-06-27 21:21:18.574,98.954,963.33203
2026-06-27 21:21:20.153,100.532,963.33203
2026-06-27 21:21:21.748,102.127,963.33203
2026-06-27 21:21:23.343,103.723,963.33203
2026-06-27 21:21:24.922,105.301,963.33203
2026-06-27 21:21:26.507,106.887,963.33203
2026-06-27 21:21:28.096,108.475,963.33203
2026-06-27 21:21:29.691,110.070,963.33203
2026-06-27 21:21:31.285,111.665,963.33203
2026-06-27 21:21:32.865,113.244,963.33203
2026-06-27 21:21:34.459,114.839,963.33203
2026-06-27 21:21:36.038,116.418,963.30078
2026-06-27 21:21:37.633,118.012,963.30078
2026-06-27 21:21:39.227,119.606,963.30078
2026-06-27 21:21:40.807,121.186,963.30078
2026-06-27 21:21:42.401,122.780,963.30078
2026-06-27 21:21:43.979,124.359,963.30078
2026-06-27 21:21:45.574,125.954,963.30078
2026-06-27 21:21:47.153,127.533,963.23828
2026-06-27 21:21:48.733,129.112,963.23828
2026-06-27 21:21:50.312,130.691,963.23828
2026-06-27 21:21:51.907,132.286,963.23828
2026-06-27 21:21:53.486,133.865,963.23828
2026-06-27 21:21:55.065,135.444,963.23828
2026-06-27 21:21:56.644,137.024,963.23828
2026-06-27 21:21:58.224,138.603,963.23828
2026-06-27 21:21:59.819,140.198,963.23828
2026-06-27 21:22:01.397,141.777,963.23828
2026-06-27 21:22:02.977,143.356,963.23828
2026-06-27 21:22:04.555,144.935,963.23828
2026-06-27 21:22:06.150,146.530,963.23828
2026-06-27 21:22:07.745,148.124,963.23828
2026-06-27 21:22:09.324,149.703,963.23828
2026-06-27 21:22:10.919,151.298,963.23828
2026-06-27 21:22:12.498,152.877,963.23828
2026-06-27 21:22:14.093,154.472,963.23828
2026-06-27 21:22:15.673,156.052,963.23828
2026-06-27 21:22:17.268,157.647,963.23828
2026-06-27 21:22:18.847,159.226,963.23828
2026-06-27 21:22:20.426,160.805,963.23828
2026-06-27 21:22:22.020,162.400,963.23828
2026-06-27 21:22:23.600,163.979,963.23828
2026-06-27 21:22:25.194,165.574,963.23828
2026-06-27 21:22:26.774,167.153,963.23828
2026-06-27 21:22:28.368,168.748,963.23828
2026-06-27 21:22:29.948,170.327,963.23828
2026-06-27 21:22:31.527,171.906,963.23828
2026-06-27 21:22:33.121,173.500,963.23828
2026-06-27 21:22:34.701,175.080,963.23828
2026-06-27 21:22:36.296,176.675,963.23828
2026-06-27 21:22:37.875,178.254,963.23828
2026-06-27 21:22:39.455,179.834,963.23828
2026-06-27 21:22:41.050,181.429,963.23828
2026-06-27 21:22:42.628,183.008,963.23828
2026-06-27 21:22:44.224,184.603,963.23828
2026-06-27 21:22:45.802,186.182,963.23828
2026-06-27 21:22:47.381,187.761,963.23828
2026-06-27 21:22:48.976,189.356,963.23828
2026-06-27 21:22:50.556,190.935,963.23828
2026-06-27 21:22:52.151,192.530,963.23828
2026-06-27 21:22:53.729,194.109,963.23828
2026-06-27 21:22:55.308,195.688,963.23828
2026-06-27 21:22:56.888,197.267,963.23828
2026-06-27 21:22:58.481,198.861,963.23828
2026-06-27 21:23:00.061,200.441,963.23828
2026-06-27 21:23:01.640,202.019,963.23828
2026-06-27 21:23:03.235,203.615,963.23828
2026-06-27 21:23:04.814,205.194,963.23828
2026-06-27 21:23:06.409,206.788,963.23828
2026-06-27 21:23:08.004,208.383,963.23828
2026-06-27 21:23:09.567,209.947,963.23828
2026-06-27 21:23:11.162,211.541,963.23828
2026-06-27 21:23:12.756,213.136,963.23828
2026-06-27 21:23:14.351,214.730,963.23828
2026-06-27 21:23:15.930,216.309,963.23828
2026-06-27 21:23:17.509,217.888,963.23828
2026-06-27 21:23:19.103,219.483,963.23828
2026-06-27 21:23:20.698,221.078,963.23828
2026-06-27 21:23:22.293,222.672,963.23828
2026-06-27 21:23:23.871,224.251,963.23828
2026-06-27 21:23:25.450,225.830,963.23828
2026-06-27 21:23:27.045,227.424,963.23828
2026-06-27 21:23:28.640,229.019,963.23828
2026-06-27 21:23:30.219,230.599,963.23828
2026-06-27 21:23:31.798,232.178,963.23828
2026-06-27 21:23:33.392,233.772,963.23828
2026-06-27 21:23:34.987,235.366,963.23828
2026-06-27 21:23:36.566,236.946,963.23828
2026-06-27 21:23:38.146,238.526,963.23828
2026-06-27 21:23:39.741,240.121,963.23828
2026-06-27 21:23:41.336,241.716,963.23828
2026-06-27 21:23:42.915,243.295,963.23828
2026-06-27 21:23:44.510,244.889,963.23828
2026-06-27 21:23:46.089,246.469,963.23828
2026-06-27 21:23:47.684,248.063,963.23828
2026-06-27 21:23:49.263,249.643,963.23828
2026-06-27 21:23:50.858,251.237,963.23828
2026-06-27 21:23:52.437,252.817,963.23828
2026-06-27 21:23:54.016,254.395,963.23828
2026-06-27 21:23:55.610,255.989,963.23828
2026-06-27 21:23:57.189,257.568,963.23828
2026-06-27 21:23:58.783,259.163,963.23828
2026-06-27 21:24:00.378,260.757,963.23828
2026-06-27 21:24:01.957,262.336,963.23828
2026-06-27 21:24:03.552,263.931,963.23828
2026-06-27 21:24:05.131,265.510,963.23828
2026-06-27 21:24:06.726,267.105,963.23828
2026-06-27 21:24:08.305,268.684,963.23828
2026-06-27 21:24:09.900,270.279,963.23828
2026-06-27 21:24:11.479,271.858,963.23828
2026-06-27 21:24:13.074,273.453,963.23828
2026-06-27 21:24:14.652,275.032,963.23828
2026-06-27 21:24:16.232,276.611,963.23828
2026-06-27 21:24:17.827,278.206,963.23828
2026-06-27 21:24:19.422,279.801,963.23828
2026-06-27 21:24:21.017,281.396,963.23828
2026-06-27 21:24:22.596,282.976,963.23828
2026-06-27 21:24:24.176,284.555,963.23828
2026-06-27 21:24:25.770,286.150,963.23828
2026-06-27 21:24:27.366,287.745,963.23828
2026-06-27 21:24:28.945,289.324,963.23828
2026-06-27 21:24:30.539,290.918,963.23828
2026-06-27 21:24:32.118,292.498,963.23828
2026-06-27 21:24:33.698,294.077,963.42188
2026-06-27 21:24:35.292,295.671,963.42188
2026-06-27 21:24:36.871,297.251,963.42188
2026-06-27 21:24:38.451,298.831,963.42188
2026-06-27 21:24:40.030,300.409,963.42188
2026-06-27 21:24:41.625,302.004,963.42188
2026-06-27 21:24:43.219,303.599,963.42188
2026-06-27 21:24:44.798,305.178,963.42188
2026-06-27 21:24:46.378,306.758,963.42188
2026-06-27 21:24:47.957,308.336,963.42188
2026-06-27 21:24:49.551,309.931,963.42188
2026-06-27 21:24:51.146,311.525,963.42188
2026-06-27 21:24:52.725,313.104,963.42188
2026-06-27 21:24:54.319,314.699,963.42188
2026-06-27 21:24:55.914,316.294,963.42188
2026-06-27 21:24:57.509,317.888,963.42188
2026-06-27 21:24:59.088,319.467,963.42188
2026-06-27 21:25:00.667,321.047,963.42188
2026-06-27 21:25:02.247,322.626,963.42188
2026-06-27 21:25:03.840,324.220,963.42188
2026-06-27 21:25:05.435,325.814,963.42188
2026-06-27 21:25:07.014,327.393,963.42188
2026-06-27 21:25:08.608,328.987,963.42188
2026-06-27 21:25:10.188,330.567,963.42188
2026-06-27 21:25:11.782,332.162,963.42188
2026-06-27 21:25:13.377,333.756,963.42188
2026-06-27 21:25:14.956,335.336,963.42188
2026-06-27 21:25:16.535,336.914,963.42188
2026-06-27 21:25:18.114,338.494,963.42188
2026-06-27 21:25:19.709,340.088,963.42188
2026-06-27 21:25:21.288,341.667,963.42188
2026-06-27 21:25:22.867,343.246,963.42188
2026-06-27 21:25:24.446,344.825,963.42188
2026-06-27 21:25:26.024,346.404,963.42188
2026-06-27 21:25:27.634,348.014,963.42188
2026-06-27 21:25:29.214,349.593,963.42188
2026-06-27 21:25:30.793,351.172,963.42188
2026-06-27 21:25:32.372,352.751,963.42188
2026-06-27 21:25:33.966,354.345,963.42188
2026-06-27 21:25:35.561,355.940,963.42188
2026-06-27 21:25:37.140,357.519,963.42188
2026-06-27 21:25:38.719,359.098,963.42188
2026-06-27 21:25:40.298,360.677,963.42188
2026-06-27 21:25:41.893,362.272,963.42188
2026-06-27 21:25:43.488,363.867,963.42188
2026-06-27 21:25:45.067,365.446,963.42188
2026-06-27 21:25:46.646,367.025,963.42188
2026-06-27 21:25:48.225,368.604,963.42188
2026-06-27 21:25:49.819,370.199,963.42188
2026-06-27 21:25:51.398,371.778,963.42188
2026-06-27 21:25:52.977,373.357,963.42188
2026-06-27 21:25:54.556,374.936,963.42188
2026-06-27 21:25:56.152,376.531,963.42188
2026-06-27 21:25:57.747,378.127,963.42188
2026-06-27 21:25:59.326,379.705,963.42188
2026-06-27 21:26:00.905,381.284,963.42188
2026-06-27 21:26:02.485,382.864,963.42188
2026-06-27 21:26:04.079,384.458,963.42188
2026-06-27 21:26:05.658,386.038,963.42188
2026-06-27 21:26:07.253,387.632,963.42188
2026-06-27 21:26:08.832,389.211,963.42188
2026-06-27 21:26:10.410,390.790,963.42188
2026-06-27 21:26:12.005,392.385,963.42188
2026-06-27 21:26:13.585,393.964,963.42188
2026-06-27 21:26:15.164,395.543,963.35547
2026-06-27 21:26:16.758,397.137,963.35547
2026-06-27 21:26:18.337,398.717,963.35547
2026-06-27 21:26:19.932,400.311,963.35547
2026-06-27 21:26:21.511,401.891,963.35547
2026-06-27 21:26:23.091,403.470,963.35547
2026-06-27 21:26:24.670,405.050,963.35547
2026-06-27 21:26:26.265,406.645,963.35547
2026-06-27 21:26:27.845,408.224,963.35547
2026-06-27 21:26:29.439,409.819,963.35547
2026-06-27 21:26:31.019,411.398,963.35547
2026-06-27 21:26:32.598,412.977,963.35547
2026-06-27 21:26:34.193,414.572,963.35547
2026-06-27 21:26:35.772,416.151,963.35547
2026-06-27 21:26:37.367,417.746,963.35547
2026-06-27 21:26:38.946,419.325,963.35547
2026-06-27 21:26:40.525,420.905,963.35547
2026-06-27 21:26:42.120,422.500,963.35547
2026-06-27 21:26:43.699,424.079,963.35547
2026-06-27 21:26:45.278,425.658,963.35547
2026-06-27 21:26:46.873,427.253,963.35547
2026-06-27 21:26:48.468,428.847,963.35547
2026-06-27 21:26:50.046,430.426,963.35547
2026-06-27 21:26:51.626,432.006,963.35547
2026-06-27 21:26:53.205,433.585,963.35547
2026-06-27 21:26:54.800,435.180,963.35547
2026-06-27 21:26:56.379,436.759,963.35547
2026-06-27 21:26:57.974,438.353,963.35547
2026-06-27 21:26:59.553,439.932,963.35547
2026-06-27 21:27:01.132,441.511,963.35547
2026-06-27 21:27:02.727,443.106,963.35547
2026-06-27 21:27:04.321,444.701,963.35547
2026-06-27 21:27:05.916,446.295,963.35547
2026-06-27 21:27:07.511,447.890,963.35547
2026-06-27 21:27:09.090,449.469,963.35547
2026-06-27 21:27:10.684,451.063,963.35547
2026-06-27 21:27:12.279,452.658,963.35547
2026-06-27 21:27:13.905,454.284,963.35547
2026-06-27 21:27:15.484,455.864,963.35547
2026-06-27 21:27:17.079,457.458,963.35547
2026-06-27 21:27:18.658,459.037,963.35547
2026-06-27 21:27:20.252,460.632,963.35547
2026-06-27 21:27:21.847,462.227,963.35547
2026-06-27 21:27:23.442,463.822,963.35547
2026-06-27 21:27:25.022,465.401,963.35547
2026-06-27 21:27:26.617,466.996,963.35547
2026-06-27 21:27:28.212,468.591,963.35547
2026-06-27 21:27:29.791,470.170,963.35547
2026-06-27 21:27:31.370,471.749,963.35547
2026-06-27 21:27:32.949,473.329,963.35547
2026-06-27 21:27:34.544,474.923,963.35547
2026-06-27 21:27:36.139,476.518,963.35547
2026-06-27 21:27:37.718,478.098,963.35547
2026-06-27 21:27:39.313,479.693,963.35547
2026-06-27 21:27:40.893,481.273,963.35547
2026-06-27 21:27:42.550,482.929,963.35547
2026-06-27 21:27:44.160,484.539,963.35547
2026-06-27 21:27:45.739,486.118,963.35547
2026-06-27 21:27:47.318,487.697,963.35547
2026-06-27 21:27:48.913,489.292,963.35547
2026-06-27 21:27:50.492,490.871,963.35547
2026-06-27 21:27:52.087,492.466,963.35547
2026-06-27 21:27:53.665,494.045,963.35547
2026-06-27 21:27:55.244,495.624,963.35547
2026-06-27 21:27:56.839,497.218,963.35547
2026-06-27 21:27:58.417,498.797,963.35547
2026-06-27 21:27:59.997,500.376,963.35547
2026-06-27 21:28:01.576,501.955,963.35547
2026-06-27 21:28:03.170,503.550,963.35547
2026-06-27 21:28:04.765,505.144,963.35547
2026-06-27 21:28:06.344,506.723,963.35547
2026-06-27 21:28:07.939,508.318,963.35547
2026-06-27 21:28:09.534,509.913,963.35547
2026-06-27 21:28:11.128,511.508,963.35547
2026-06-27 21:28:12.708,513.087,963.35547
2026-06-27 21:28:14.303,514.682,963.35547
2026-06-27 21:28:15.897,516.277,963.35547
2026-06-27 21:28:17.477,517.856,963.35547
2026-06-27 21:28:19.071,519.451,963.35547
2026-06-27 21:28:20.651,521.030,963.35547
2026-06-27 21:28:22.230,522.609,963.35547
2026-06-27 21:28:23.824,524.204,963.35547
2026-06-27 21:28:25.419,525.799,963.35547
2026-06-27 21:28:26.998,527.378,963.35547
2026-06-27 21:28:28.578,528.957,963.35547
2026-06-27 21:28:30.157,530.536,963.35547
2026-06-27 21:28:31.751,532.131,963.35547
2026-06-27 21:28:33.331,533.710,963.35547
2026-06-27 21:28:34.910,535.290,963.35547
2026-06-27 21:28:36.489,536.869,963.35547
2026-06-27 21:28:38.084,538.463,963.35547
2026-06-27 21:28:39.662,540.042,963.35547
2026-06-27 21:28:41.257,541.637,963.35547
2026-06-27 21:28:42.836,543.215,963.35547
2026-06-27 21:28:44.431,544.810,963.35547
2026-06-27 21:28:46.026,546.405,963.35547
2026-06-27 21:28:47.605,547.984,963.35547
2026-06-27 21:28:49.200,549.579,963.35547
2026-06-27 21:28:50.763,551.143,963.35547
2026-06-27 21:28:52.342,552.722,963.35547
2026-06-27 21:28:53.937,554.316,963.35547
2026-06-27 21:28:55.543,555.923,963.35547
2026-06-27 21:28:57.122,557.502,963.35547
2026-06-27 21:28:58.717,559.096,963.35547
2026-06-27 21:29:00.312,560.691,963.35547
2026-06-27 21:29:01.907,562.286,963.35547
2026-06-27 21:29:03.502,563.881,963.35547
2026-06-27 21:29:05.097,565.476,963.35547
2026-06-27 21:29:06.692,567.072,963.35547
2026-06-27 21:29:08.287,568.667,963.35547
2026-06-27 21:29:09.882,570.261,963.35547
2026-06-27 21:29:11.461,571.840,963.35547
2026-06-27 21:29:13.040,573.419,963.35547
2026-06-27 21:29:14.666,575.045,963.35547
2026-06-27 21:29:16.245,576.624,963.35547
2026-06-27 21:29:17.839,578.219,963.35547
2026-06-27 21:29:19.434,579.814,963.35547
2026-06-27 21:29:21.013,581.393,963.35547
2026-06-27 21:29:22.607,582.987,963.35547
2026-06-27 21:29:24.187,584.566,963.35547
2026-06-27 21:29:25.779,586.158,963.35547
2026-06-27 21:29:27.358,587.738,963.35547
2026-06-27 21:29:28.937,589.317,963.35547
2026-06-27 21:29:30.516,590.896,963.35547
2026-06-27 21:29:32.111,592.490,963.35547
2026-06-27 21:29:33.706,594.085,963.41016
2026-06-27 21:29:35.285,595.664,963.41016
2026-06-27 21:29:36.864,597.243,963.41016
2026-06-27 21:29:38.443,598.823,963.41016
2026-06-27 21:29:40.038,600.417,963.41016
2026-06-27 21:29:41.049,601.429,963.41016
