Timestamp,Elapsed_Seconds,RSS_MB
2026-02-08 11:54:15.526,0.000,554.86
2026-02-08 11:54:16.444,0.918,554.87
2026-02-08 11:54:18.432,2.906,554.87
2026-02-08 11:54:20.421,4.895,554.87
2026-02-08 11:54:22.338,6.812,554.87
2026-02-08 11:54:24.317,8.791,554.87
2026-02-08 11:54:26.251,10.725,554.87
2026-02-08 11:54:28.195,12.668,554.87
2026-02-08 11:54:30.139,14.613,554.87
2026-02-08 11:54:32.062,16.536,554.87
2026-02-08 11:54:34.030,18.504,554.87
2026-02-08 11:54:35.988,20.462,554.87
2026-02-08 11:54:37.933,22.406,554.88
2026-02-08 11:54:39.903,24.377,554.88
2026-02-08 11:54:41.749,26.223,554.88
2026-02-08 11:54:43.668,28.142,554.88
2026-02-08 11:54:45.612,30.086,554.88
2026-02-08 11:54:47.507,31.981,554.88
2026-02-08 11:54:49.474,33.948,554.88
2026-02-08 11:54:51.415,35.888,554.88
2026-02-08 11:54:53.371,37.845,554.88
2026-02-08 11:54:55.364,39.837,554.88
2026-02-08 11:54:57.291,41.765,554.88
2026-02-08 11:54:59.246,43.720,554.88
2026-02-08 11:55:01.233,45.707,554.88
2026-02-08 11:55:03.153,47.626,554.88
2026-02-08 11:55:05.111,49.584,554.88
2026-02-08 11:55:07.074,51.548,554.83
2026-02-08 11:55:08.985,53.459,554.83
2026-02-08 11:55:10.942,55.416,554.83
2026-02-08 11:55:12.893,57.367,554.83
2026-02-08 11:55:14.795,59.269,554.83
2026-02-08 11:55:16.739,61.212,554.83
2026-02-08 11:55:18.686,63.160,554.83
2026-02-08 11:55:20.578,65.052,554.83
2026-02-08 11:55:22.608,67.082,554.83
2026-02-08 11:55:24.574,69.048,554.83
2026-02-08 11:55:26.534,71.008,554.84
2026-02-08 11:55:28.466,72.940,554.84
2026-02-08 11:55:30.396,74.869,554.84
2026-02-08 11:55:32.357,76.831,554.84
2026-02-08 11:55:34.247,78.721,554.84
2026-02-08 11:55:36.197,80.671,554.84
2026-02-08 11:55:38.123,82.597,554.84
2026-02-08 11:55:40.042,84.515,554.84
2026-02-08 11:55:42.021,86.495,554.84
2026-02-08 11:55:43.950,88.423,554.84
2026-02-08 11:55:45.938,90.412,554.84
2026-02-08 11:55:47.837,92.311,554.84
2026-02-08 11:55:49.796,94.270,554.84
2026-02-08 11:55:51.731,96.205,554.84
2026-02-08 11:55:53.684,98.158,554.84
2026-02-08 11:55:55.589,100.063,554.84
2026-02-08 11:55:57.549,102.023,554.84
2026-02-08 11:55:59.510,103.984,554.84
2026-02-08 11:56:01.424,105.898,554.84
2026-02-08 11:56:03.374,107.848,554.84
2026-02-08 11:56:05.329,109.803,554.84
2026-02-08 11:56:07.307,111.780,554.84
2026-02-08 11:56:09.234,113.708,554.84
2026-02-08 11:56:11.207,115.681,554.84
2026-02-08 11:56:13.101,117.575,554.84
2026-02-08 11:56:15.043,119.517,554.84
2026-02-08 11:56:16.999,121.473,554.84
2026-02-08 11:56:18.895,123.369,554.85
2026-02-08 11:56:20.955,125.429,554.82
2026-02-08 11:56:22.864,127.338,554.82
2026-02-08 11:56:24.793,129.267,554.82
2026-02-08 11:56:26.771,131.245,554.82
2026-02-08 11:56:28.742,133.216,554.82
2026-02-08 11:56:30.744,135.218,554.82
2026-02-08 11:56:32.719,137.192,554.82
2026-02-08 11:56:34.630,139.104,554.82
2026-02-08 11:56:36.600,141.074,554.82
2026-02-08 11:56:38.483,142.957,554.82
2026-02-08 11:56:40.386,144.859,554.82
2026-02-08 11:56:42.326,146.800,554.82
2026-02-08 11:56:44.265,148.739,554.82
2026-02-08 11:56:46.159,150.633,554.82
2026-02-08 11:56:48.104,152.578,554.82
2026-02-08 11:56:50.200,154.673,554.82
2026-02-08 11:56:52.116,156.589,554.82
2026-02-08 11:56:54.036,158.509,554.82
2026-02-08 11:56:55.955,160.429,554.82
2026-02-08 11:56:57.934,162.408,554.82
2026-02-08 11:56:59.877,164.351,554.82
2026-02-08 11:57:01.819,166.292,554.82
2026-02-08 11:57:03.749,168.223,554.82
2026-02-08 11:57:05.688,170.161,554.82
2026-02-08 11:57:07.630,172.103,554.82
2026-02-08 11:57:09.550,174.024,554.82
2026-02-08 11:57:11.493,175.967,554.82
2026-02-08 11:57:13.423,177.897,554.83
2026-02-08 11:57:15.367,179.841,554.83
2026-02-08 11:57:17.353,181.827,554.83
2026-02-08 11:57:19.273,183.747,554.83
2026-02-08 11:57:21.187,185.661,554.83
2026-02-08 11:57:23.104,187.578,554.84
2026-02-08 11:57:25.070,189.544,554.84
2026-02-08 11:57:27.019,191.493,554.84
2026-02-08 11:57:28.958,193.431,554.84
2026-02-08 11:57:30.909,195.383,554.84
2026-02-08 11:57:32.856,197.330,554.84
2026-02-08 11:57:34.787,199.261,554.84
2026-02-08 11:57:36.717,201.191,554.84
2026-02-08 11:57:38.666,203.140,554.84
2026-02-08 11:57:40.599,205.073,554.84
2026-02-08 11:57:42.576,207.050,554.84
2026-02-08 11:57:44.541,209.015,554.84
2026-02-08 11:57:46.465,210.939,554.84
2026-02-08 11:57:48.389,212.863,554.84
2026-02-08 11:57:50.355,214.829,554.84
2026-02-08 11:57:52.302,216.776,554.84
2026-02-08 11:57:54.216,218.690,554.84
2026-02-08 11:57:56.139,220.612,554.84
2026-02-08 11:57:58.099,222.573,554.84
2026-02-08 11:58:00.105,224.579,554.84
2026-02-08 11:58:02.045,226.518,554.84
2026-02-08 11:58:03.986,228.460,554.84
2026-02-08 11:58:05.889,230.363,554.84
2026-02-08 11:58:07.870,232.344,554.84
2026-02-08 11:58:09.802,234.276,554.84
2026-02-08 11:58:11.750,236.224,554.84
2026-02-08 11:58:13.702,238.176,554.84
2026-02-08 11:58:15.644,240.118,554.84
2026-02-08 11:58:17.521,241.994,554.84
2026-02-08 11:58:19.495,243.969,554.84
2026-02-08 11:58:21.414,245.888,554.84
2026-02-08 11:58:23.339,247.813,554.84
2026-02-08 11:58:25.253,249.727,554.84
2026-02-08 11:58:27.221,251.695,554.84
2026-02-08 11:58:29.168,253.642,554.84
2026-02-08 11:58:31.141,255.615,554.85
2026-02-08 11:58:33.091,257.565,554.85
2026-02-08 11:58:35.012,259.485,554.85
2026-02-08 11:58:36.960,261.434,554.85
2026-02-08 11:58:38.972,263.446,554.85
2026-02-08 11:58:40.923,265.397,554.85
2026-02-08 11:58:42.862,267.335,554.85
2026-02-08 11:58:44.801,269.275,554.85
2026-02-08 11:58:46.755,271.229,554.85
2026-02-08 11:58:48.704,273.178,554.85
2026-02-08 11:58:50.582,275.056,554.85
2026-02-08 11:58:52.468,276.942,554.85
2026-02-08 11:58:54.402,278.876,554.85
2026-02-08 11:58:56.316,280.790,554.85
2026-02-08 11:58:58.316,282.789,554.85
2026-02-08 11:59:00.236,284.710,554.85
2026-02-08 11:59:02.183,286.657,554.85
2026-02-08 11:59:04.156,288.630,554.85
2026-02-08 11:59:06.065,290.539,555.04
2026-02-08 11:59:07.998,292.472,555.04
2026-02-08 11:59:09.952,294.426,555.04
2026-02-08 11:59:11.901,296.375,555.04
2026-02-08 11:59:13.823,298.296,555.05
2026-02-08 11:59:15.745,300.219,555.05
2026-02-08 11:59:17.734,302.208,555.05
2026-02-08 11:59:19.689,304.163,555.05
2026-02-08 11:59:21.619,306.092,555.05
2026-02-08 11:59:23.522,307.996,555.05
2026-02-08 11:59:25.455,309.929,555.05
2026-02-08 11:59:27.382,311.856,555.05
2026-02-08 11:59:29.346,313.820,555.05
2026-02-08 11:59:31.293,315.767,555.05
2026-02-08 11:59:33.216,317.690,555.05
2026-02-08 11:59:35.172,319.646,555.05
2026-02-08 11:59:37.108,321.582,555.05
2026-02-08 11:59:39.087,323.561,555.06
2026-02-08 11:59:41.019,325.493,555.06
2026-02-08 11:59:42.957,327.431,555.06
2026-02-08 11:59:44.892,329.366,555.06
2026-02-08 11:59:46.863,331.337,555.06
2026-02-08 11:59:48.837,333.311,555.06
2026-02-08 11:59:50.785,335.259,555.06
2026-02-08 11:59:52.694,337.168,555.06
2026-02-08 11:59:54.660,339.133,555.06
2026-02-08 11:59:56.616,341.090,555.06
2026-02-08 11:59:58.527,343.000,555.06
2026-02-08 12:00:00.500,344.974,555.06
2026-02-08 12:00:02.450,346.924,555.06
2026-02-08 12:00:04.412,348.886,555.06
2026-02-08 12:00:06.368,350.842,555.06
2026-02-08 12:00:08.335,352.808,555.06
2026-02-08 12:00:10.252,354.726,555.06
2026-02-08 12:00:12.158,356.632,555.06
2026-02-08 12:00:14.092,358.566,555.06
2026-02-08 12:00:16.085,360.559,555.06
2026-02-08 12:00:18.026,362.500,555.06
2026-02-08 12:00:19.985,364.458,555.06
2026-02-08 12:00:21.919,366.393,555.06
2026-02-08 12:00:23.851,368.325,555.06
2026-02-08 12:00:25.802,370.276,555.06
2026-02-08 12:00:27.765,372.239,555.06
2026-02-08 12:00:29.700,374.174,555.06
2026-02-08 12:00:31.668,376.142,555.06
2026-02-08 12:00:33.629,378.103,555.06
2026-02-08 12:00:35.552,380.026,555.07
2026-02-08 12:00:37.501,381.975,555.07
2026-02-08 12:00:39.438,383.912,555.07
2026-02-08 12:00:41.396,385.870,555.07
2026-02-08 12:00:43.298,387.772,555.07
2026-02-08 12:00:45.249,389.723,555.07
2026-02-08 12:00:47.188,391.662,555.07
2026-02-08 12:00:49.118,393.592,555.04
2026-02-08 12:00:51.058,395.532,555.04
2026-02-08 12:00:53.010,397.484,555.04
2026-02-08 12:00:54.998,399.472,555.04
2026-02-08 12:00:56.958,401.432,555.04
2026-02-08 12:00:58.885,403.359,555.04
2026-02-08 12:01:00.868,405.342,555.04
2026-02-08 12:01:02.800,407.274,555.04
2026-02-08 12:01:04.751,409.225,555.04
2026-02-08 12:01:06.671,411.145,555.04
2026-02-08 12:01:08.607,413.081,555.04
2026-02-08 12:01:10.639,415.112,555.04
2026-02-08 12:01:12.550,417.024,555.04
2026-02-08 12:01:14.502,418.976,555.04
2026-02-08 12:01:16.450,420.924,555.04
2026-02-08 12:01:18.401,422.875,555.04
2026-02-08 12:01:20.383,424.857,555.04
2026-02-08 12:01:22.312,426.786,555.04
2026-02-08 12:01:24.288,428.762,555.04
2026-02-08 12:01:26.271,430.745,555.04
2026-02-08 12:01:28.211,432.684,555.04
2026-02-08 12:01:30.125,434.599,555.04
2026-02-08 12:01:32.074,436.548,555.04
2026-02-08 12:01:34.020,438.494,555.04
2026-02-08 12:01:35.936,440.410,555.05
2026-02-08 12:01:37.912,442.386,555.05
2026-02-08 12:01:39.867,444.340,555.05
2026-02-08 12:01:41.803,446.276,555.05
2026-02-08 12:01:43.751,448.225,555.05
2026-02-08 12:01:45.671,450.145,555.05
2026-02-08 12:01:47.598,452.071,555.05
2026-02-08 12:01:49.506,453.980,555.05
2026-02-08 12:01:51.568,456.041,555.05
2026-02-08 12:01:53.542,458.016,555.05
2026-02-08 12:01:55.468,459.942,555.05
2026-02-08 12:01:57.438,461.912,555.05
2026-02-08 12:01:59.362,463.836,555.05
2026-02-08 12:02:01.320,465.794,555.05
2026-02-08 12:02:03.254,467.728,555.05
2026-02-08 12:02:05.188,469.662,555.05
2026-02-08 12:02:07.105,471.579,555.05
2026-02-08 12:02:09.021,473.495,555.05
2026-02-08 12:02:10.960,475.433,555.05
2026-02-08 12:02:12.905,477.379,555.05
2026-02-08 12:02:14.878,479.352,555.05
2026-02-08 12:02:16.761,481.234,555.05
2026-02-08 12:02:18.683,483.157,555.05
2026-02-08 12:02:20.657,485.131,555.05
2026-02-08 12:02:22.580,487.053,555.05
2026-02-08 12:02:24.460,488.934,555.05
2026-02-08 12:02:26.391,490.865,555.05
2026-02-08 12:02:28.374,492.847,555.05
2026-02-08 12:02:30.293,494.767,555.05
2026-02-08 12:02:32.249,496.723,555.05
2026-02-08 12:02:34.186,498.660,555.05
2026-02-08 12:02:36.148,500.622,555.05
2026-02-08 12:02:38.072,502.545,555.06
2026-02-08 12:02:40.044,504.518,555.06
2026-02-08 12:02:42.001,506.475,555.06
2026-02-08 12:02:43.917,508.391,555.06
2026-02-08 12:02:45.892,510.366,555.06
2026-02-08 12:02:47.812,512.286,555.06
2026-02-08 12:02:49.810,514.284,555.06
2026-02-08 12:02:51.774,516.248,555.06
2026-02-08 12:02:53.703,518.177,555.07
2026-02-08 12:02:55.676,520.150,555.07
2026-02-08 12:02:57.669,522.143,555.07
2026-02-08 12:02:59.589,524.063,555.07
2026-02-08 12:03:01.519,525.993,555.07
2026-02-08 12:03:03.493,527.967,555.07
2026-02-08 12:03:05.458,529.932,555.07
2026-02-08 12:03:07.439,531.913,555.07
2026-02-08 12:03:09.386,533.860,555.07
2026-02-08 12:03:11.318,535.791,555.07
2026-02-08 12:03:13.233,537.707,555.07
2026-02-08 12:03:15.189,539.663,555.07
2026-02-08 12:03:17.134,541.608,555.07
2026-02-08 12:03:19.101,543.575,555.07
2026-02-08 12:03:21.036,545.510,555.07
2026-02-08 12:03:22.987,547.461,555.07
2026-02-08 12:03:24.886,549.360,555.07
2026-02-08 12:03:26.827,551.301,555.07
2026-02-08 12:03:28.666,553.140,555.07
2026-02-08 12:03:30.673,555.147,555.07
2026-02-08 12:03:32.650,557.123,555.07
2026-02-08 12:03:34.556,559.030,555.07
2026-02-08 12:03:36.572,561.045,555.07
2026-02-08 12:03:38.520,562.994,555.07
2026-02-08 12:03:40.425,564.899,555.07
2026-02-08 12:03:42.370,566.844,555.07
2026-02-08 12:03:44.288,568.762,555.07
2026-02-08 12:03:46.218,570.692,555.07
2026-02-08 12:03:48.141,572.614,555.07
2026-02-08 12:03:50.138,574.611,555.07
2026-02-08 12:03:52.059,576.533,555.07
2026-02-08 12:03:54.038,578.512,555.07
2026-02-08 12:03:56.003,580.477,555.07
2026-02-08 12:03:57.948,582.422,555.07
2026-02-08 12:03:59.918,584.392,555.07
2026-02-08 12:04:01.889,586.363,555.07
2026-02-08 12:04:03.885,588.359,555.07
2026-02-08 12:04:05.805,590.278,555.13
2026-02-08 12:04:07.737,592.211,555.13
2026-02-08 12:04:09.720,594.194,555.13
2026-02-08 12:04:11.633,596.107,555.13
2026-02-08 12:04:13.551,598.025,555.13
2026-02-08 12:04:15.505,599.979,555.13
2026-02-08 12:04:16.505,600.979,555.14
